[{"model": "contenttypes.contenttype", "pk": 1, "fields": {"app_label": "admin", "model": "logentry"}}, {"model": "contenttypes.contenttype", "pk": 2, "fields": {"app_label": "auth", "model": "permission"}}, {"model": "contenttypes.contenttype", "pk": 3, "fields": {"app_label": "auth", "model": "group"}}, {"model": "contenttypes.contenttype", "pk": 4, "fields": {"app_label": "auth", "model": "user"}}, {"model": "contenttypes.contenttype", "pk": 5, "fields": {"app_label": "contenttypes", "model": "contenttype"}}, {"model": "contenttypes.contenttype", "pk": 6, "fields": {"app_label": "sessions", "model": "session"}}, {"model": "contenttypes.contenttype", "pk": 7, "fields": {"app_label": "observations", "model": "site"}}, {"model": "contenttypes.contenttype", "pk": 8, "fields": {"app_label": "observations", "model": "observation"}}, {"model": "sessions.session", "pk": "jo16zjbnsgqjj646ubnzm7g1da5rdgw4", "fields": {"session_data": "N2RkMTZjY2ExZjEyZGM4ZDRiNWQ0YTFjNGFiOWY1MjQxMjUwNmI0ODp7Il9hdXRoX3VzZXJfaWQiOiIxIiwiX2F1dGhfdXNlcl9iYWNrZW5kIjoiZGphbmdvLmNvbnRyaWIuYXV0aC5iYWNrZW5kcy5Nb2RlbEJhY2tlbmQiLCJfYXV0aF91c2VyX2hhc2giOiJiODRiZTU1YWEwM2U3NGU2YTdmMDEyMmEyYTNlYzgyOWQ4ZmQxZjFhIn0=", "expire_date": "2020-02-14T13:11:23.367Z"}}, {"model": "sessions.session", "pk": "jvpdbachgc02fwbe3emqd7z61xkwehhm", "fields": {"session_data": "N2RkMTZjY2ExZjEyZGM4ZDRiNWQ0YTFjNGFiOWY1MjQxMjUwNmI0ODp7Il9hdXRoX3VzZXJfaWQiOiIxIiwiX2F1dGhfdXNlcl9iYWNrZW5kIjoiZGphbmdvLmNvbnRyaWIuYXV0aC5iYWNrZW5kcy5Nb2RlbEJhY2tlbmQiLCJfYXV0aF91c2VyX2hhc2giOiJiODRiZTU1YWEwM2U3NGU2YTdmMDEyMmEyYTNlYzgyOWQ4ZmQxZjFhIn0=", "expire_date": "2020-02-14T11:08:52.304Z"}}, {"model": "sessions.session", "pk": "naxz4objohg8zyi6ceh6y7k5ck7uaj3e", "fields": {"session_data": "N2RkMTZjY2ExZjEyZGM4ZDRiNWQ0YTFjNGFiOWY1MjQxMjUwNmI0ODp7Il9hdXRoX3VzZXJfaWQiOiIxIiwiX2F1dGhfdXNlcl9iYWNrZW5kIjoiZGphbmdvLmNvbnRyaWIuYXV0aC5iYWNrZW5kcy5Nb2RlbEJhY2tlbmQiLCJfYXV0aF91c2VyX2hhc2giOiJiODRiZTU1YWEwM2U3NGU2YTdmMDEyMmEyYTNlYzgyOWQ4ZmQxZjFhIn0=", "expire_date": "2020-02-14T10:31:00.693Z"}}, {"model": "sessions.session", "pk": "q57nnazabipqwp26eavz3jyj9oe89t1z", "fields": {"session_data": "N2RkMTZjY2ExZjEyZGM4ZDRiNWQ0YTFjNGFiOWY1MjQxMjUwNmI0ODp7Il9hdXRoX3VzZXJfaWQiOiIxIiwiX2F1dGhfdXNlcl9iYWNrZW5kIjoiZGphbmdvLmNvbnRyaWIuYXV0aC5iYWNrZW5kcy5Nb2RlbEJhY2tlbmQiLCJfYXV0aF91c2VyX2hhc2giOiJiODRiZTU1YWEwM2U3NGU2YTdmMDEyMmEyYTNlYzgyOWQ4ZmQxZjFhIn0=", "expire_date": "2020-02-14T00:47:52.859Z"}}, {"model": "sessions.session", "pk": "tbmoj32pn1c11kgf0sqz7yqk0w35zfjd", "fields": {"session_data": "ZjIwYzViZTVhZjQ2Yzk2M2RlMGQ2Yjk0MmVhMWExNWY4Yjk5MGFkOTp7Il9hdXRoX3VzZXJfaWQiOiIzIiwiX2F1dGhfdXNlcl9iYWNrZW5kIjoiZGphbmdvLmNvbnRyaWIuYXV0aC5iYWNrZW5kcy5Nb2RlbEJhY2tlbmQiLCJfYXV0aF91c2VyX2hhc2giOiIwZDJiYmNhYTM3MzlhMjlkZWU5ZjNiZTgyZjczZTVkNTRmZDEzNWFkIn0=", "expire_date": "2020-02-14T11:41:58.867Z"}}, {"model": "observations.site", "pk": "AMJ", "fields": {"site_name": "Ammo Jetty", "site_description": "A popular fishing spot makes for an easy dive. Fish and corals are guaranteed, with octopus often visible to the more patient divers.", "site_location": "SRID=4326;POINT (115.757103 -32.124163)", "site_date_added": "2020-01-31"}}, {"model": "observations.site", "pk": "BBR", "fields": {"site_name": "Boy in a Boat Reef", "site_description": "Limestone reef and lots of swim throughs just off the south wall at Hillary's Boat Harbour.", "site_location": "SRID=4326;POINT (115.73513 -31.829441)", "site_date_added": "2020-01-31"}}, {"model": "observations.site", "pk": "BIC", "fields": {"site_name": "Bicton Baths", "site_description": "A sheltered river site popular for training dives and first-time night divers.", "site_location": "SRID=4326;POINT (115.775299 -32.028744)", "site_date_added": "2020-01-31"}}, {"model": "observations.site", "pk": "BWR", "fields": {"site_name": "Blackwall Reach", "site_description": "Shipwrecks and car wrecks are found all along the limestone cliffs. If you look close, sea horses are common.", "site_location": "SRID=4326;POINT (115.784569 -32.015354)", "site_date_added": "2020-01-30"}}, {"model": "observations.site", "pk": "CRN", "fields": {"site_name": "Carnac Island", "site_description": "Limestone swimthroughs and reefs, much closer to Woodman Point boat ramp than Rottnest.", "site_location": "SRID=4326;POINT (115.661316 -32.126489)", "site_date_added": "2020-01-31"}}, {"model": "observations.site", "pk": "FRE", "fields": {"site_name": "Fremantle", "site_description": "A couple of wrecks lie just outside the port, including the South Mole unidentified and the Lygnern. Remains of a historical jetty also extend from Bathers Bay.", "site_location": "SRID=4326;POINT (115.732727 -32.072684)", "site_date_added": "2020-01-31"}}, {"model": "observations.site", "pk": "MAR", "fields": {"site_name": "Marmion Marine Park", "site_description": "A favourite for Perth snorkelers at Mettam pool, the diving is also good on calmer days. Lots of fish typical of the Perth metro coast.", "site_location": "SRID=4326;POINT (115.747833 -31.863271)", "site_date_added": "2020-01-31"}}, {"model": "observations.site", "pk": "NMF", "fields": {"site_name": "North Mole Fremantle", "site_description": "Two shipwrecks, the Gareenup and the North Mole Barge. There is a wreck trail out to the barge, and seahorses in the seagrass meadows. The climb into the water can be difficult.", "site_location": "SRID=4326;POINT (115.724487 -32.051735)", "site_date_added": "2020-01-31"}}, {"model": "observations.site", "pk": "OME", "fields": {"site_name": "Coogee Dive Trail (Omeo Wreck)", "site_description": "Centred around the Omeo shipwreck (1905), this trail combines maritime heritage with artificial reef, sculptures and historical artefacts along the wall.", "site_location": "SRID=4326;POINT (115.75882 -32.105552)", "site_date_added": "2020-01-31"}}, {"model": "observations.site", "pk": "PPR", "fields": {"site_name": "Point Peron", "site_description": "Limestone formations make for lots of small caves to explore. If you are lucky, you may see seals or dolphins.", "site_location": "SRID=4326;POINT (115.680885 -32.269136)", "site_date_added": "2020-01-31"}}, {"model": "observations.site", "pk": "RKM", "fields": {"site_name": "Rockingham Dive Trail", "site_description": "A common training site just off the Rockingham foreshore. The trail connects a couple of shipwrecks and a couple of small plane wrecks, as well as some artificial reef.", "site_location": "SRID=4326;POINT (115.728951 -32.273781)", "site_date_added": "2020-01-31"}}, {"model": "observations.site", "pk": "RNE", "fields": {"site_name": "Rottnest East", "site_description": "Rottnest Island (Wadjemup) is surrounded by clear waters and complex limestone seabed. The Leeuwin current brings warmer water and tropical sea life. The waters are also the final resting place of many shipwrecks.", "site_location": "SRID=4326;POINT (115.567932 -32.008658)", "site_date_added": "2020-01-31"}}, {"model": "observations.site", "pk": "RNN", "fields": {"site_name": "Rottnest North", "site_description": null, "site_location": "SRID=4326;POINT (115.515747 -31.974299)", "site_date_added": "2020-01-31"}}, {"model": "observations.site", "pk": "RNW", "fields": {"site_name": "Rottnest West", "site_description": "Rottnest Island (Wadjemup) is surrounded by clear waters and complex limestone seabed. The Leeuwin current brings warmer water and tropical sea life. The waters are also the final resting place of many shipwrecks.", "site_location": "SRID=4326;POINT (115.42099 -32.015063)", "site_date_added": "2020-01-31"}}, {"model": "observations.site", "pk": "RTS", "fields": {"site_name": "Rottnest South", "site_description": "Rottnest Island (Wadjemup) is surrounded by clear waters and complex limestone seabed. The Leeuwin current brings warmer water and tropical sea life. The waters are also the final resting place of many shipwrecks.", "site_location": "SRID=4326;POINT (115.506134 -32.037184)", "site_date_added": "2020-01-31"}}, {"model": "observations.site", "pk": "TWR", "fields": {"site_name": "Two Rocks", "site_description": null, "site_location": "SRID=4326;POINT (115.577888 -31.499531)", "site_date_added": "2020-01-31"}}, {"model": "auth.permission", "pk": 1, "fields": {"name": "Can add log entry", "content_type": 1, "codename": "add_logentry"}}, {"model": "auth.permission", "pk": 2, "fields": {"name": "Can change log entry", "content_type": 1, "codename": "change_logentry"}}, {"model": "auth.permission", "pk": 3, "fields": {"name": "Can delete log entry", "content_type": 1, "codename": "delete_logentry"}}, {"model": "auth.permission", "pk": 4, "fields": {"name": "Can view log entry", "content_type": 1, "codename": "view_logentry"}}, {"model": "auth.permission", "pk": 5, "fields": {"name": "Can add permission", "content_type": 2, "codename": "add_permission"}}, {"model": "auth.permission", "pk": 6, "fields": {"name": "Can change permission", "content_type": 2, "codename": "change_permission"}}, {"model": "auth.permission", "pk": 7, "fields": {"name": "Can delete permission", "content_type": 2, "codename": "delete_permission"}}, {"model": "auth.permission", "pk": 8, "fields": {"name": "Can view permission", "content_type": 2, "codename": "view_permission"}}, {"model": "auth.permission", "pk": 9, "fields": {"name": "Can add group", "content_type": 3, "codename": "add_group"}}, {"model": "auth.permission", "pk": 10, "fields": {"name": "Can change group", "content_type": 3, "codename": "change_group"}}, {"model": "auth.permission", "pk": 11, "fields": {"name": "Can delete group", "content_type": 3, "codename": "delete_group"}}, {"model": "auth.permission", "pk": 12, "fields": {"name": "Can view group", "content_type": 3, "codename": "view_group"}}, {"model": "auth.permission", "pk": 13, "fields": {"name": "Can add user", "content_type": 4, "codename": "add_user"}}, {"model": "auth.permission", "pk": 14, "fields": {"name": "Can change user", "content_type": 4, "codename": "change_user"}}, {"model": "auth.permission", "pk": 15, "fields": {"name": "Can delete user", "content_type": 4, "codename": "delete_user"}}, {"model": "auth.permission", "pk": 16, "fields": {"name": "Can view user", "content_type": 4, "codename": "view_user"}}, {"model": "auth.permission", "pk": 17, "fields": {"name": "Can add content type", "content_type": 5, "codename": "add_contenttype"}}, {"model": "auth.permission", "pk": 18, "fields": {"name": "Can change content type", "content_type": 5, "codename": "change_contenttype"}}, {"model": "auth.permission", "pk": 19, "fields": {"name": "Can delete content type", "content_type": 5, "codename": "delete_contenttype"}}, {"model": "auth.permission", "pk": 20, "fields": {"name": "Can view content type", "content_type": 5, "codename": "view_contenttype"}}, {"model": "auth.permission", "pk": 21, "fields": {"name": "Can add session", "content_type": 6, "codename": "add_session"}}, {"model": "auth.permission", "pk": 22, "fields": {"name": "Can change session", "content_type": 6, "codename": "change_session"}}, {"model": "auth.permission", "pk": 23, "fields": {"name": "Can delete session", "content_type": 6, "codename": "delete_session"}}, {"model": "auth.permission", "pk": 24, "fields": {"name": "Can view session", "content_type": 6, "codename": "view_session"}}, {"model": "auth.permission", "pk": 25, "fields": {"name": "Can add site", "content_type": 7, "codename": "add_site"}}, {"model": "auth.permission", "pk": 26, "fields": {"name": "Can change site", "content_type": 7, "codename": "change_site"}}, {"model": "auth.permission", "pk": 27, "fields": {"name": "Can delete site", "content_type": 7, "codename": "delete_site"}}, {"model": "auth.permission", "pk": 28, "fields": {"name": "Can view site", "content_type": 7, "codename": "view_site"}}, {"model": "auth.permission", "pk": 29, "fields": {"name": "Can add observations", "content_type": 8, "codename": "add_observations"}}, {"model": "auth.permission", "pk": 30, "fields": {"name": "Can change observations", "content_type": 8, "codename": "change_observations"}}, {"model": "auth.permission", "pk": 31, "fields": {"name": "Can delete observations", "content_type": 8, "codename": "delete_observations"}}, {"model": "auth.permission", "pk": 32, "fields": {"name": "Can view observations", "content_type": 8, "codename": "view_observations"}}, {"model": "auth.permission", "pk": 33, "fields": {"name": "Can add observation", "content_type": 8, "codename": "add_observation"}}, {"model": "auth.permission", "pk": 34, "fields": {"name": "Can change observation", "content_type": 8, "codename": "change_observation"}}, {"model": "auth.permission", "pk": 35, "fields": {"name": "Can delete observation", "content_type": 8, "codename": "delete_observation"}}, {"model": "auth.permission", "pk": 36, "fields": {"name": "Can view observation", "content_type": 8, "codename": "view_observation"}}, {"model": "auth.user", "pk": 1, "fields": {"password": "pbkdf2_sha256$180000$vTyEGH8ArWAq$nzaR0wsPviqfQZbWxgkRxOokQZPZ225MUzFwrLkvlog=", "last_login": "2020-01-31T16:04:27.707Z", "is_superuser": true, "username": "patrick", "first_name": "", "last_name": "", "email": "", "is_staff": true, "is_active": true, "date_joined": "2020-01-30T17:09:26.307Z", "groups": [], "user_permissions": []}}, {"model": "auth.user", "pk": 2, "fields": {"password": "pbkdf2_sha256$180000$ZnDBEsZEMTLC$sVlTPLlAmXip9HLsbTESsL3P71wMHvGm8cT7pMXFJ+I=", "last_login": "2020-01-30T18:39:30.445Z", "is_superuser": false, "username": "tom", "first_name": "", "last_name": "", "email": "tom@emial.com", "is_staff": false, "is_active": true, "date_joined": "2020-01-30T18:39:30.315Z", "groups": [], "user_permissions": []}}, {"model": "auth.user", "pk": 3, "fields": {"password": "pbkdf2_sha256$180000$2zGe1RqWEkdT$Yw0efhTUHeOdpb84Lt821f510rZXKvt0EJlt1zX4dxI=", "last_login": "2020-01-31T11:41:58.865Z", "is_superuser": false, "username": "tommorrison", "first_name": "", "last_name": "", "email": "ufu89th@ufu89th.com", "is_staff": false, "is_active": true, "date_joined": "2020-01-31T05:59:07.705Z", "groups": [], "user_permissions": []}}, {"model": "observations.observation", "pk": 4, "fields": {"site": "RNE", "when_observed": "2020-01-31T00:52:57Z", "conditions": "Fair", "visibility": 20, "user": 1, "comments": null}}, {"model": "observations.observation", "pk": 5, "fields": {"site": "PPR", "when_observed": "2020-01-30T00:53:31Z", "conditions": "Choppy", "visibility": 3, "user": 2, "comments": null}}, {"model": "observations.observation", "pk": 6, "fields": {"site": "PPR", "when_observed": "2020-01-29T00:53:59Z", "conditions": "Windy", "visibility": 4, "user": 1, "comments": null}}, {"model": "observations.observation", "pk": 7, "fields": {"site": "PPR", "when_observed": "2020-01-31T00:54:17Z", "conditions": "Fair", "visibility": 10, "user": 1, "comments": null}}, {"model": "observations.observation", "pk": 8, "fields": {"site": "BWR", "when_observed": "2020-01-31T03:03:37Z", "conditions": "Fair", "visibility": 5, "user": 1, "comments": null}}, {"model": "observations.observation", "pk": 10, "fields": {"site": "BWR", "when_observed": "2020-01-31T05:45:58Z", "conditions": "Fair", "visibility": 17, "user": 1, "comments": null}}, {"model": "observations.observation", "pk": 11, "fields": {"site": "PPR", "when_observed": "2020-01-31T05:49:01Z", "conditions": "Rip", "visibility": 1, "user": 1, "comments": null}}, {"model": "observations.observation", "pk": 12, "fields": {"site": "RNE", "when_observed": "2020-01-31T05:54:38Z", "conditions": "Great", "visibility": 25, "user": 1, "comments": null}}, {"model": "observations.observation", "pk": 13, "fields": {"site": "FRE", "when_observed": "2020-01-31T10:16:00Z", "conditions": "Fair", "visibility": 3, "user": 1, "comments": null}}, {"model": "observations.observation", "pk": 21, "fields": {"site": "NMF", "when_observed": "2020-01-31T09:15:00Z", "conditions": "Glassy", "visibility": 15, "user": 1, "comments": null}}, {"model": "observations.observation", "pk": 22, "fields": {"site": "NMF", "when_observed": "2020-01-31T11:15:00Z", "conditions": "Fair", "visibility": 16, "user": 1, "comments": null}}, {"model": "observations.observation", "pk": 24, "fields": {"site": "NMF", "when_observed": "2020-01-31T10:15:00Z", "conditions": "Glassy", "visibility": 23, "user": 1, "comments": "Jellyfish"}}, {"model": "observations.observation", "pk": 25, "fields": {"site": "FRE", "when_observed": "2020-01-30T23:15:00Z", "conditions": "Rough", "visibility": 24, "user": 3, "comments": "Many"}}, {"model": "observations.observation", "pk": 26, "fields": {"site": "FRE", "when_observed": "2020-01-31T22:15:00Z", "conditions": "Fair", "visibility": 10, "user": 3, "comments": ""}}, {"model": "observations.observation", "pk": 28, "fields": {"site": "FRE", "when_observed": "2020-01-31T11:15:00Z", "conditions": "Fair", "visibility": 7, "user": 1, "comments": ""}}, {"model": "observations.observation", "pk": 30, "fields": {"site": "MAR", "when_observed": "2020-01-30T13:32:00Z", "conditions": "Rough", "visibility": 2, "user": 1, "comments": ""}}, {"model": "observations.observation", "pk": 34, "fields": {"site": "BBR", "when_observed": "2020-01-31T14:20:00Z", "conditions": "Fair", "visibility": 10, "user": 1, "comments": ""}}, {"model": "observations.observation", "pk": 35, "fields": {"site": "FRE", "when_observed": "2020-01-26T09:07:00Z", "conditions": "Fair", "visibility": 9, "user": 1, "comments": ""}}, {"model": "observations.observation", "pk": 36, "fields": {"site": "NMF", "when_observed": "2020-01-29T16:07:00Z", "conditions": "Fair", "visibility": 12, "user": 1, "comments": ""}}, {"model": "observations.observation", "pk": 37, "fields": {"site": "BIC", "when_observed": "2020-01-29T16:07:00Z", "conditions": "Windy", "visibility": 3, "user": 1, "comments": ""}}, {"model": "observations.observation", "pk": 38, "fields": {"site": "BWR", "when_observed": "2020-01-29T16:08:00Z", "conditions": "Fair", "visibility": 6, "user": 1, "comments": ""}}, {"model": "observations.observation", "pk": 39, "fields": {"site": "MAR", "when_observed": "2020-01-27T16:08:00Z", "conditions": "Windy", "visibility": 12, "user": 1, "comments": ""}}, {"model": "observations.observation", "pk": 40, "fields": {"site": "RTS", "when_observed": "2020-01-29T16:08:00Z", "conditions": "Windy", "visibility": 20, "user": 1, "comments": ""}}, {"model": "observations.observation", "pk": 41, "fields": {"site": "RNW", "when_observed": "2020-01-30T16:09:00Z", "conditions": "Fair", "visibility": 18, "user": 1, "comments": ""}}, {"model": "observations.observation", "pk": 42, "fields": {"site": "RNE", "when_observed": "2020-01-29T16:10:00Z", "conditions": "Fair", "visibility": 8, "user": 1, "comments": ""}}, {"model": "observations.observation", "pk": 43, "fields": {"site": "CRN", "when_observed": "2020-02-12T16:10:00Z", "conditions": "Fair", "visibility": 18, "user": 1, "comments": ""}}, {"model": "observations.observation", "pk": 44, "fields": {"site": "OME", "when_observed": "2020-01-29T16:10:00Z", "conditions": "Fair", "visibility": 10, "user": 1, "comments": ""}}, {"model": "observations.observation", "pk": 45, "fields": {"site": "AMJ", "when_observed": "2020-01-28T00:11:00Z", "conditions": "Fair", "visibility": 13, "user": 1, "comments": ""}}, {"model": "observations.observation", "pk": 46, "fields": {"site": "TWR", "when_observed": "2020-01-16T01:23:00Z", "conditions": "Windy", "visibility": 11, "user": 1, "comments": ""}}, {"model": "observations.observation", "pk": 47, "fields": {"site": "RNN", "when_observed": "2020-02-01T05:10:00Z", "conditions": "Fair", "visibility": 22, "user": 1, "comments": ""}}, {"model": "observations.observation", "pk": 48, "fields": {"site": "RKM", "when_observed": "2020-01-30T05:10:00Z", "conditions": "Fair", "visibility": 3, "user": 1, "comments": ""}}, {"model": "observations.observation", "pk": 49, "fields": {"site": "NMF", "when_observed": "2020-02-01T05:10:00Z", "conditions": "Windy", "visibility": 9, "user": 1, "comments": "Sea horses in the seagrass"}}, {"model": "admin.logentry", "pk": 1, "fields": {"action_time": "2020-01-30T17:11:33.950Z", "user": 1, "content_type": 7, "object_id": "DUM", "object_repr": "Dummy Site", "action_flag": 1, "change_message": "[{\"added\": {}}]"}}, {"model": "admin.logentry", "pk": 2, "fields": {"action_time": "2020-01-30T17:12:24.229Z", "user": 1, "content_type": 8, "object_id": "2", "object_repr": "Dummy Site2020-01-30 17:11:48+00:00patrick", "action_flag": 1, "change_message": "[{\"added\": {}}]"}}, {"model": "admin.logentry", "pk": 3, "fields": {"action_time": "2020-01-30T17:16:17.832Z", "user": 1, "content_type": 8, "object_id": "3", "object_repr": "2020-01-31 01:16:08+08:00_Dummy Site_by_patrick", "action_flag": 1, "change_message": "[{\"added\": {}}]"}}, {"model": "admin.logentry", "pk": 4, "fields": {"action_time": "2020-01-31T00:49:01.486Z", "user": 1, "content_type": 7, "object_id": "BWR", "object_repr": "Blackwall Reach", "action_flag": 2, "change_message": "[{\"changed\": {\"fields\": [\"Site code\", \"Site name\", \"Site location\"]}}]"}}, {"model": "admin.logentry", "pk": 5, "fields": {"action_time": "2020-01-31T00:49:14.267Z", "user": 1, "content_type": 7, "object_id": "DUM", "object_repr": "Dummy Site", "action_flag": 3, "change_message": ""}}, {"model": "admin.logentry", "pk": 6, "fields": {"action_time": "2020-01-31T00:49:49.145Z", "user": 1, "content_type": 7, "object_id": "RNE", "object_repr": "Rottnest East", "action_flag": 1, "change_message": "[{\"added\": {}}]"}}, {"model": "admin.logentry", "pk": 7, "fields": {"action_time": "2020-01-31T00:50:20.693Z", "user": 1, "content_type": 7, "object_id": "PPR", "object_repr": "Point Peron", "action_flag": 1, "change_message": "[{\"added\": {}}]"}}, {"model": "admin.logentry", "pk": 8, "fields": {"action_time": "2020-01-31T00:50:48.872Z", "user": 1, "content_type": 7, "object_id": "FRE", "object_repr": "Fremantle", "action_flag": 1, "change_message": "[{\"added\": {}}]"}}, {"model": "admin.logentry", "pk": 9, "fields": {"action_time": "2020-01-31T00:53:18.095Z", "user": 1, "content_type": 8, "object_id": "4", "object_repr": "2020-01-31 08:52:57+08:00_Rottnest East_by_patrick", "action_flag": 1, "change_message": "[{\"added\": {}}]"}}, {"model": "admin.logentry", "pk": 10, "fields": {"action_time": "2020-01-31T00:53:44.747Z", "user": 1, "content_type": 8, "object_id": "5", "object_repr": "2020-01-30 08:53:31+08:00_Point Peron_by_tom", "action_flag": 1, "change_message": "[{\"added\": {}}]"}}, {"model": "admin.logentry", "pk": 11, "fields": {"action_time": "2020-01-31T00:54:09.648Z", "user": 1, "content_type": 8, "object_id": "6", "object_repr": "2020-01-29 08:53:59+08:00_Point Peron_by_patrick", "action_flag": 1, "change_message": "[{\"added\": {}}]"}}, {"model": "admin.logentry", "pk": 12, "fields": {"action_time": "2020-01-31T00:54:24.934Z", "user": 1, "content_type": 8, "object_id": "7", "object_repr": "2020-01-31 08:54:17+08:00_Point Peron_by_patrick", "action_flag": 1, "change_message": "[{\"added\": {}}]"}}, {"model": "admin.logentry", "pk": 13, "fields": {"action_time": "2020-01-31T03:03:45.302Z", "user": 1, "content_type": 8, "object_id": "8", "object_repr": "2020-01-31 11:03:37+08:00_Blackwall Reach_by_patrick", "action_flag": 1, "change_message": "[{\"added\": {}}]"}}, {"model": "admin.logentry", "pk": 14, "fields": {"action_time": "2020-01-31T03:03:57.675Z", "user": 1, "content_type": 8, "object_id": "9", "object_repr": "2020-01-31 11:03:49+08:00_Fremantle_by_patrick", "action_flag": 1, "change_message": "[{\"added\": {}}]"}}, {"model": "admin.logentry", "pk": 15, "fields": {"action_time": "2020-01-31T05:46:15.751Z", "user": 1, "content_type": 8, "object_id": "10", "object_repr": "2020-01-31 13:45:58+08:00_Blackwall Reach_by_patrick", "action_flag": 1, "change_message": "[{\"added\": {}}]"}}, {"model": "admin.logentry", "pk": 16, "fields": {"action_time": "2020-01-31T05:49:11.728Z", "user": 1, "content_type": 8, "object_id": "11", "object_repr": "2020-01-31 13:49:01+08:00_Point Peron_by_patrick", "action_flag": 1, "change_message": "[{\"added\": {}}]"}}, {"model": "admin.logentry", "pk": 17, "fields": {"action_time": "2020-01-31T05:49:34.319Z", "user": 1, "content_type": 8, "object_id": "11", "object_repr": "2020-01-31 13:49:01+08:00_Point Peron_by_patrick", "action_flag": 2, "change_message": "[{\"changed\": {\"fields\": [\"visibility\"]}}]"}}, {"model": "admin.logentry", "pk": 18, "fields": {"action_time": "2020-01-31T05:54:53.557Z", "user": 1, "content_type": 8, "object_id": "12", "object_repr": "2020-01-31 13:54:38+08:00_Rottnest East_by_patrick", "action_flag": 1, "change_message": "[{\"added\": {}}]"}}, {"model": "admin.logentry", "pk": 19, "fields": {"action_time": "2020-01-31T06:14:49.657Z", "user": 1, "content_type": 7, "object_id": "BIC", "object_repr": "Bicton Baths (BIC)", "action_flag": 1, "change_message": "[{\"added\": {}}]"}}, {"model": "admin.logentry", "pk": 20, "fields": {"action_time": "2020-01-31T06:15:18.508Z", "user": 1, "content_type": 7, "object_id": "RNN", "object_repr": "Rottnest North (RNN)", "action_flag": 1, "change_message": "[{\"added\": {}}]"}}, {"model": "admin.logentry", "pk": 21, "fields": {"action_time": "2020-01-31T06:15:36.040Z", "user": 1, "content_type": 7, "object_id": "RNW", "object_repr": "Rottnest West (RNW)", "action_flag": 1, "change_message": "[{\"added\": {}}]"}}, {"model": "admin.logentry", "pk": 22, "fields": {"action_time": "2020-01-31T06:15:54.339Z", "user": 1, "content_type": 7, "object_id": "RTS", "object_repr": "Rottnest South (RTS)", "action_flag": 1, "change_message": "[{\"added\": {}}]"}}, {"model": "admin.logentry", "pk": 23, "fields": {"action_time": "2020-01-31T06:16:31.955Z", "user": 1, "content_type": 7, "object_id": "RTS", "object_repr": "Rottnest South (RTS)", "action_flag": 2, "change_message": "[]"}}, {"model": "admin.logentry", "pk": 24, "fields": {"action_time": "2020-01-31T06:16:50.007Z", "user": 1, "content_type": 7, "object_id": "RTS", "object_repr": "Rottnest South (RTS)", "action_flag": 2, "change_message": "[]"}}, {"model": "admin.logentry", "pk": 25, "fields": {"action_time": "2020-01-31T06:17:39.237Z", "user": 1, "content_type": 7, "object_id": "AMJ", "object_repr": "Ammo Jetty (AMJ)", "action_flag": 1, "change_message": "[{\"added\": {}}]"}}, {"model": "admin.logentry", "pk": 26, "fields": {"action_time": "2020-01-31T06:18:04.820Z", "user": 1, "content_type": 7, "object_id": "CRN", "object_repr": "Carnac Island (CRN)", "action_flag": 1, "change_message": "[{\"added\": {}}]"}}, {"model": "admin.logentry", "pk": 27, "fields": {"action_time": "2020-01-31T06:19:16.739Z", "user": 1, "content_type": 7, "object_id": "RKM", "object_repr": "Rockingham Dive Trail (RKM)", "action_flag": 1, "change_message": "[{\"added\": {}}]"}}, {"model": "admin.logentry", "pk": 28, "fields": {"action_time": "2020-01-31T06:20:35.475Z", "user": 1, "content_type": 7, "object_id": "RNW", "object_repr": "Rottnest West (RNW)", "action_flag": 2, "change_message": "[]"}}, {"model": "admin.logentry", "pk": 29, "fields": {"action_time": "2020-01-31T06:50:46.009Z", "user": 1, "content_type": 7, "object_id": "FRE", "object_repr": "Fremantle (FRE)", "action_flag": 2, "change_message": "[]"}}, {"model": "admin.logentry", "pk": 30, "fields": {"action_time": "2020-01-31T06:51:20.175Z", "user": 1, "content_type": 7, "object_id": "NMF", "object_repr": "North Mole Fremantle (NMF)", "action_flag": 1, "change_message": "[{\"added\": {}}]"}}, {"model": "admin.logentry", "pk": 31, "fields": {"action_time": "2020-01-31T06:55:08.203Z", "user": 1, "content_type": 7, "object_id": "FRE", "object_repr": "Fremantle (FRE)", "action_flag": 2, "change_message": "[]"}}, {"model": "admin.logentry", "pk": 32, "fields": {"action_time": "2020-01-31T06:55:29.921Z", "user": 1, "content_type": 7, "object_id": "FRE", "object_repr": "Fremantle (FRE)", "action_flag": 2, "change_message": "[{\"changed\": {\"fields\": [\"Site location\"]}}]"}}, {"model": "admin.logentry", "pk": 33, "fields": {"action_time": "2020-01-31T06:56:39.565Z", "user": 1, "content_type": 7, "object_id": "TWR", "object_repr": "Two Rocks (TWR)", "action_flag": 1, "change_message": "[{\"added\": {}}]"}}, {"model": "admin.logentry", "pk": 34, "fields": {"action_time": "2020-01-31T06:58:54.963Z", "user": 1, "content_type": 7, "object_id": "MAR", "object_repr": "Marmion Marine Park (MAR)", "action_flag": 1, "change_message": "[{\"added\": {}}]"}}, {"model": "admin.logentry", "pk": 35, "fields": {"action_time": "2020-01-31T06:59:29.226Z", "user": 1, "content_type": 7, "object_id": "BBR", "object_repr": "Boy in a Boat Reef (BBR)", "action_flag": 1, "change_message": "[{\"added\": {}}]"}}, {"model": "admin.logentry", "pk": 36, "fields": {"action_time": "2020-01-31T07:00:14.656Z", "user": 1, "content_type": 7, "object_id": "OME", "object_repr": "Coogee Dive Trail (Omeo Wreck) (OME)", "action_flag": 1, "change_message": "[{\"added\": {}}]"}}, {"model": "admin.logentry", "pk": 37, "fields": {"action_time": "2020-01-31T10:40:59.500Z", "user": 1, "content_type": 7, "object_id": "NMF", "object_repr": "North Mole Fremantle (NMF)", "action_flag": 2, "change_message": "[{\"changed\": {\"fields\": [\"Site description\"]}}]"}}, {"model": "admin.logentry", "pk": 38, "fields": {"action_time": "2020-01-31T16:04:44.201Z", "user": 1, "content_type": 8, "object_id": "34", "object_repr": "2020-01-31 14:20:00+00:00_Boy in a Boat Reef_by_patrick", "action_flag": 3, "change_message": ""}}, {"model": "admin.logentry", "pk": 39, "fields": {"action_time": "2020-01-31T16:04:44.203Z", "user": 1, "content_type": 8, "object_id": "30", "object_repr": "2020-01-30 13:32:00+00:00_Marmion Marine Park_by_patrick", "action_flag": 3, "change_message": ""}}, {"model": "admin.logentry", "pk": 40, "fields": {"action_time": "2020-01-31T16:04:44.204Z", "user": 1, "content_type": 8, "object_id": "28", "object_repr": "2020-01-31 11:15:00+00:00_Fremantle_by_patrick", "action_flag": 3, "change_message": ""}}, {"model": "admin.logentry", "pk": 41, "fields": {"action_time": "2020-01-31T16:04:44.206Z", "user": 1, "content_type": 8, "object_id": "26", "object_repr": "2020-01-31 22:15:00+00:00_Fremantle_by_tommorrison", "action_flag": 3, "change_message": ""}}, {"model": "admin.logentry", "pk": 42, "fields": {"action_time": "2020-01-31T16:04:44.207Z", "user": 1, "content_type": 8, "object_id": "25", "object_repr": "2020-01-30 23:15:00+00:00_Fremantle_by_tommorrison", "action_flag": 3, "change_message": ""}}, {"model": "admin.logentry", "pk": 43, "fields": {"action_time": "2020-01-31T16:04:44.208Z", "user": 1, "content_type": 8, "object_id": "24", "object_repr": "2020-01-31 10:15:00+00:00_North Mole Fremantle_by_patrick", "action_flag": 3, "change_message": ""}}, {"model": "admin.logentry", "pk": 44, "fields": {"action_time": "2020-01-31T16:04:44.210Z", "user": 1, "content_type": 8, "object_id": "22", "object_repr": "2020-01-31 11:15:00+00:00_North Mole Fremantle_by_patrick", "action_flag": 3, "change_message": ""}}, {"model": "admin.logentry", "pk": 45, "fields": {"action_time": "2020-01-31T16:04:44.211Z", "user": 1, "content_type": 8, "object_id": "21", "object_repr": "2020-01-31 09:15:00+00:00_North Mole Fremantle_by_patrick", "action_flag": 3, "change_message": ""}}, {"model": "admin.logentry", "pk": 46, "fields": {"action_time": "2020-01-31T16:04:44.212Z", "user": 1, "content_type": 8, "object_id": "13", "object_repr": "2020-01-31 10:16:00+00:00_Fremantle_by_patrick", "action_flag": 3, "change_message": ""}}, {"model": "admin.logentry", "pk": 47, "fields": {"action_time": "2020-01-31T16:04:44.213Z", "user": 1, "content_type": 8, "object_id": "12", "object_repr": "2020-01-31 05:54:38+00:00_Rottnest East_by_patrick", "action_flag": 3, "change_message": ""}}, {"model": "admin.logentry", "pk": 48, "fields": {"action_time": "2020-01-31T16:04:44.215Z", "user": 1, "content_type": 8, "object_id": "11", "object_repr": "2020-01-31 05:49:01+00:00_Point Peron_by_patrick", "action_flag": 3, "change_message": ""}}, {"model": "admin.logentry", "pk": 49, "fields": {"action_time": "2020-01-31T16:04:44.216Z", "user": 1, "content_type": 8, "object_id": "10", "object_repr": "2020-01-31 05:45:58+00:00_Blackwall Reach_by_patrick", "action_flag": 3, "change_message": ""}}, {"model": "admin.logentry", "pk": 50, "fields": {"action_time": "2020-01-31T16:04:44.217Z", "user": 1, "content_type": 8, "object_id": "8", "object_repr": "2020-01-31 03:03:37+00:00_Blackwall Reach_by_patrick", "action_flag": 3, "change_message": ""}}, {"model": "admin.logentry", "pk": 51, "fields": {"action_time": "2020-01-31T16:04:44.218Z", "user": 1, "content_type": 8, "object_id": "7", "object_repr": "2020-01-31 00:54:17+00:00_Point Peron_by_patrick", "action_flag": 3, "change_message": ""}}, {"model": "admin.logentry", "pk": 52, "fields": {"action_time": "2020-01-31T16:04:44.219Z", "user": 1, "content_type": 8, "object_id": "6", "object_repr": "2020-01-29 00:53:59+00:00_Point Peron_by_patrick", "action_flag": 3, "change_message": ""}}, {"model": "admin.logentry", "pk": 53, "fields": {"action_time": "2020-01-31T16:04:44.221Z", "user": 1, "content_type": 8, "object_id": "5", "object_repr": "2020-01-30 00:53:31+00:00_Point Peron_by_tom", "action_flag": 3, "change_message": ""}}, {"model": "admin.logentry", "pk": 54, "fields": {"action_time": "2020-01-31T16:04:44.222Z", "user": 1, "content_type": 8, "object_id": "4", "object_repr": "2020-01-31 00:52:57+00:00_Rottnest East_by_patrick", "action_flag": 3, "change_message": ""}}, {"model": "admin.logentry", "pk": 55, "fields": {"action_time": "2020-01-31T16:04:44.223Z", "user": 1, "content_type": 8, "object_id": "1", "object_repr": "2020-01-31 15:48:00+00:00_Blackwall Reach_by_patrick", "action_flag": 3, "change_message": ""}}, {"model": "admin.logentry", "pk": 56, "fields": {"action_time": "2020-02-01T04:59:05.736Z", "user": 1, "content_type": 7, "object_id": "RTS", "object_repr": "Rottnest South (RTS)", "action_flag": 2, "change_message": "[{\"changed\": {\"fields\": [\"Site description\"]}}]"}}, {"model": "admin.logentry", "pk": 57, "fields": {"action_time": "2020-02-01T04:59:10.521Z", "user": 1, "content_type": 7, "object_id": "RNW", "object_repr": "Rottnest West (RNW)", "action_flag": 2, "change_message": "[{\"changed\": {\"fields\": [\"Site description\"]}}]"}}, {"model": "admin.logentry", "pk": 58, "fields": {"action_time": "2020-02-01T04:59:14.863Z", "user": 1, "content_type": 7, "object_id": "RNE", "object_repr": "Rottnest East (RNE)", "action_flag": 2, "change_message": "[{\"changed\": {\"fields\": [\"Site description\"]}}]"}}, {"model": "admin.logentry", "pk": 59, "fields": {"action_time": "2020-02-01T04:59:18.726Z", "user": 1, "content_type": 7, "object_id": "RNW", "object_repr": "Rottnest West (RNW)", "action_flag": 2, "change_message": "[]"}}, {"model": "admin.logentry", "pk": 60, "fields": {"action_time": "2020-02-01T05:00:54.361Z", "user": 1, "content_type": 7, "object_id": "RKM", "object_repr": "Rockingham Dive Trail (RKM)", "action_flag": 2, "change_message": "[{\"changed\": {\"fields\": [\"Site description\"]}}]"}}, {"model": "admin.logentry", "pk": 61, "fields": {"action_time": "2020-02-01T05:01:53.263Z", "user": 1, "content_type": 7, "object_id": "PPR", "object_repr": "Point Peron (PPR)", "action_flag": 2, "change_message": "[{\"changed\": {\"fields\": [\"Site description\"]}}]"}}, {"model": "admin.logentry", "pk": 62, "fields": {"action_time": "2020-02-01T05:03:41.947Z", "user": 1, "content_type": 7, "object_id": "OME", "object_repr": "Coogee Dive Trail (Omeo Wreck) (OME)", "action_flag": 2, "change_message": "[{\"changed\": {\"fields\": [\"Site description\"]}}]"}}, {"model": "admin.logentry", "pk": 63, "fields": {"action_time": "2020-02-01T05:03:47.039Z", "user": 1, "content_type": 7, "object_id": "NMF", "object_repr": "North Mole Fremantle (NMF)", "action_flag": 2, "change_message": "[]"}}, {"model": "admin.logentry", "pk": 64, "fields": {"action_time": "2020-02-01T05:04:43.200Z", "user": 1, "content_type": 7, "object_id": "MAR", "object_repr": "Marmion Marine Park (MAR)", "action_flag": 2, "change_message": "[{\"changed\": {\"fields\": [\"Site description\"]}}]"}}, {"model": "admin.logentry", "pk": 65, "fields": {"action_time": "2020-02-01T05:05:40.570Z", "user": 1, "content_type": 7, "object_id": "FRE", "object_repr": "Fremantle (FRE)", "action_flag": 2, "change_message": "[{\"changed\": {\"fields\": [\"Site description\"]}}]"}}, {"model": "admin.logentry", "pk": 66, "fields": {"action_time": "2020-02-01T05:06:14.849Z", "user": 1, "content_type": 7, "object_id": "CRN", "object_repr": "Carnac Island (CRN)", "action_flag": 2, "change_message": "[{\"changed\": {\"fields\": [\"Site description\"]}}]"}}, {"model": "admin.logentry", "pk": 67, "fields": {"action_time": "2020-02-01T05:07:20.289Z", "user": 1, "content_type": 7, "object_id": "BWR", "object_repr": "Blackwall Reach (BWR)", "action_flag": 2, "change_message": "[{\"changed\": {\"fields\": [\"Site description\"]}}]"}}, {"model": "admin.logentry", "pk": 68, "fields": {"action_time": "2020-02-01T05:07:49.588Z", "user": 1, "content_type": 7, "object_id": "BIC", "object_repr": "Bicton Baths (BIC)", "action_flag": 2, "change_message": "[{\"changed\": {\"fields\": [\"Site description\"]}}]"}}, {"model": "admin.logentry", "pk": 69, "fields": {"action_time": "2020-02-01T05:08:25.137Z", "user": 1, "content_type": 7, "object_id": "BBR", "object_repr": "Boy in a Boat Reef (BBR)", "action_flag": 2, "change_message": "[{\"changed\": {\"fields\": [\"Site description\"]}}]"}}, {"model": "admin.logentry", "pk": 70, "fields": {"action_time": "2020-02-01T05:09:40.551Z", "user": 1, "content_type": 7, "object_id": "AMJ", "object_repr": "Ammo Jetty (AMJ)", "action_flag": 2, "change_message": "[{\"changed\": {\"fields\": [\"Site description\"]}}]"}}]
